{"0": [{"box": [0.1834, 0.1137, 0.8201, 0.1518], "text": [[165.0, 468.0], [1000.0, 468.0], [1000.0, 515.0], [165.0, 515.0]], "score": ["SIMULATION RESEARCH", 0.9694508910179138]}], "1": [{"box": [0.0591, 0.0617, 0.6075, 0.0762], "text": [[108.0, 220.0], [1094.0, 220.0], [1094.0, 245.0], [108.0, 245.0]], "score": ["Return on Investment: Navigate through the price volatility and", 0.9764001965522766]}], "2": [{"box": [0.0283, 0.0417, 0.3111, 0.0563], "text": [[31.0, 153.0], [1144.0, 155.0], [1144.0, 179.0], [31.0, 177.0]], "score": ["The global economic system is entering into an unprecedented period of uncertainty as one of the.", 0.9941861033439636]}], "3": [{"box": [0.0257, 0.029, 0.2665, 0.0502], "text": [[142.0, 131.0], [464.0, 131.0], [464.0, 148.0], [142.0, 148.0]], "score": ["AMZN 3 YEAR HISTORICAL PRICE", 0.9316629767417908]}], "4": [{"box": [0.0257, 0.0302, 0.1945, 0.0478], "text": [[134.0, 136.0], [478.0, 136.0], [478.0, 158.0], [134.0, 158.0]], "score": ["FAANG 3 YEAR HISTORICAL PRICE", 0.9723639488220215]}]}